{
  "resources": [
    "assets/audio/sfx.mp3",
    "assets/audio/sfx.ogg"
  ],
  "spritemap": {
    "bang1": {
      "start": 0,
      "end": 0.5297052154195011,
      "loop": false
    },
    "bigsplat": {
      "start": 2,
      "end": 2.924444444444444,
      "loop": false
    },
    "blop": {
      "start": 4,
      "end": 4.1059410430839005,
      "loop": false
    },
    "ding": {
      "start": 6,
      "end": 6.1257142857142854,
      "loop": false
    },
    "energyshot": {
      "start": 8,
      "end": 8.92140589569161,
      "loop": false
    },
    "energyshot2": {
      "start": 10,
      "end": 10.5,
      "loop": false
    },
    "hurt": {
      "start": 12,
      "end": 12.225351473922903,
      "loop": false
    },
    "jump1": {
      "start": 14,
      "end": 14.134240362811791,
      "loop": false
    },
    "missionstart": {
      "start": 16,
      "end": 19.455419501133786,
      "loop": false
    },
    "shot1": {
      "start": 21,
      "end": 21.261224489795918,
      "loop": false
    },
    "splat": {
      "start": 23,
      "end": 23.416507936507937,
      "loop": false
    },
    "tick": {
      "start": 25,
      "end": 25.074013605442175,
      "loop": false
    },
    "zombiedie": {
      "start": 27,
      "end": 27.815102040816328,
      "loop": false
    },
    "zombiehit": {
      "start": 29,
      "end": 29.09201814058957,
      "loop": false
    }
  }
}