{
  "resources": [
    "assets/audio/sfx.mp3",
    "assets/audio/sfx.ogg"
  ],
  "spritemap": {
    "bang1": {
      "start": 0,
      "end": 0.5297052154195011,
      "loop": false
    },
    "bigsplat": {
      "start": 2,
      "end": 2.924444444444444,
      "loop": false
    },
    "energyshot": {
      "start": 4,
      "end": 4.92140589569161,
      "loop": false
    },
    "energyshot2": {
      "start": 6,
      "end": 6.5,
      "loop": false
    },
    "hurt": {
      "start": 8,
      "end": 8.225351473922903,
      "loop": false
    },
    "jump1": {
      "start": 10,
      "end": 10.134240362811791,
      "loop": false
    },
    "shot1": {
      "start": 12,
      "end": 12.261224489795918,
      "loop": false
    },
    "splat": {
      "start": 14,
      "end": 14.416507936507937,
      "loop": false
    },
    "zombiedie": {
      "start": 16,
      "end": 16.815102040816328,
      "loop": false
    },
    "zombiehit": {
      "start": 18,
      "end": 18.09201814058957,
      "loop": false
    }
  }
}