{
  "resources": [
    "assets/audio/sfx.mp3",
    "assets/audio/sfx.ogg"
  ],
  "spritemap": {
    "bang1": {
      "start": 0,
      "end": 0.5297052154195011,
      "loop": false
    },
    "bigsplat": {
      "start": 2,
      "end": 2.924444444444444,
      "loop": false
    },
    "blop": {
      "start": 4,
      "end": 4.1059410430839005,
      "loop": false
    },
    "ding": {
      "start": 6,
      "end": 6.1257142857142854,
      "loop": false
    },
    "energyshot": {
      "start": 8,
      "end": 8.92140589569161,
      "loop": false
    },
    "energyshot2": {
      "start": 10,
      "end": 10.5,
      "loop": false
    },
    "explosion1": {
      "start": 12,
      "end": 12.538548752834467,
      "loop": false
    },
    "hurt": {
      "start": 14,
      "end": 14.225351473922903,
      "loop": false
    },
    "introduction": {
      "start": 16,
      "end": 17.949546485260772,
      "loop": false
    },
    "jump1": {
      "start": 19,
      "end": 19.13424036281179,
      "loop": false
    },
    "menuconfirm": {
      "start": 21,
      "end": 23.848798185941043,
      "loop": false
    },
    "menuselect": {
      "start": 25,
      "end": 25.22893424036281,
      "loop": false
    },
    "missionstart": {
      "start": 27,
      "end": 30.455419501133786,
      "loop": false
    },
    "shot1": {
      "start": 32,
      "end": 32.26122448979592,
      "loop": false
    },
    "splat": {
      "start": 34,
      "end": 34.416507936507934,
      "loop": false
    },
    "startup": {
      "start": 36,
      "end": 38.01968253968254,
      "loop": false
    },
    "tick": {
      "start": 40,
      "end": 40.074013605442175,
      "loop": false
    },
    "zombiedie": {
      "start": 42,
      "end": 42.81510204081633,
      "loop": false
    },
    "zombiehit": {
      "start": 44,
      "end": 44.092018140589566,
      "loop": false
    }
  }
}